{"cameraMode":{"drawMode":0,"name":"Shaded","section":"Shading Mode"},"sceneLighting":true,"audioPlay":false,"sceneViewState":{"showFog":true,"showMaterialUpdate":false,"showSkybox":true,"showFlares":true,"showImageEffects":true,"showParticleSystems":true},"in2DMode":false,"pivot":{"x":18.406509399414064,"y":5.315196990966797,"z":-0.8349323272705078},"rotation":{"x":-0.4432778060436249,"y":-0.013971594162285328,"z":0.006911453325301409,"w":-0.896254301071167},"size":42.15548324584961,"orthographic":false}